config,corpus,mode,query,merge,drop_structural,rerank,gold_set,k,recall,cases_with_hit,state_recall,hits,gold,structural,seconds,fusion_w,cite_filter,state_share,pool,two_hop,ls_depth,ls_kinds
baseline,combined,hybrid,rewriter,roundrobin,True,,refex,5,0.015466983938132,0.2857142857142857,0.0,26,1681,0.0,70.1,,,,,,,
baseline,combined,hybrid,rewriter,roundrobin,True,,refex,10,0.0226055919095776,0.3896103896103896,0.0,38,1681,0.0,70.1,,,,,,,
baseline,combined,hybrid,rewriter,roundrobin,True,,refex,20,0.032123735871505,0.4935064935064935,0.0,54,1681,0.0,70.1,,,,,,,
baseline,combined,hybrid,rewriter,roundrobin,True,,refex,50,0.0600832837596668,0.6623376623376623,0.0,101,1681,0.0,70.1,,,,,,,
baseline,combined,hybrid,rewriter,roundrobin,True,,refex,100,0.0850684116597263,0.7272727272727273,0.0,143,1681,0.0,70.1,,,,,,,
baseline,combined,hybrid,rewriter,roundrobin,True,,gold,5,0.0178486435030937,0.6419753086419753,0.0276752767527675,75,4202,0.0,70.1,,,,,,,
baseline,combined,hybrid,rewriter,roundrobin,True,,gold,10,0.0264159923845787,0.7654320987654321,0.035670356703567,111,4202,0.0,70.1,,,,,,,
baseline,combined,hybrid,rewriter,roundrobin,True,,gold,20,0.0421227986673012,0.8765432098765432,0.0608856088560885,177,4202,0.0,70.1,,,,,,,
baseline,combined,hybrid,rewriter,roundrobin,True,,gold,50,0.0690147548786292,0.9753086419753086,0.092250922509225,290,4202,0.0,70.1,,,,,,,
baseline,combined,hybrid,rewriter,roundrobin,True,,gold,100,0.0990004759638267,0.9753086419753086,0.1291512915129151,416,4202,0.0,70.1,,,,,,,
corpus_federal,federal,hybrid,rewriter,roundrobin,True,,refex,5,0.0160618679357525,0.2987012987012987,0.0,27,1681,0.0,61.5,,,,,,,
corpus_federal,federal,hybrid,rewriter,roundrobin,True,,refex,10,0.0237953599048185,0.4025974025974026,0.0,40,1681,0.0,61.5,,,,,,,
corpus_federal,federal,hybrid,rewriter,roundrobin,True,,refex,20,0.0374776918500892,0.5454545454545454,0.0,63,1681,0.0,61.5,,,,,,,
corpus_federal,federal,hybrid,rewriter,roundrobin,True,,refex,50,0.0696014277215942,0.7012987012987013,0.0,117,1681,0.0,61.5,,,,,,,
corpus_federal,federal,hybrid,rewriter,roundrobin,True,,refex,100,0.0969660916121356,0.7792207792207793,0.0,163,1681,0.0,61.5,,,,,,,
corpus_federal,federal,hybrid,rewriter,roundrobin,True,,gold,5,0.008567348881485,0.3580246913580246,0.0,36,4202,0.0,61.5,,,,,,,
corpus_federal,federal,hybrid,rewriter,roundrobin,True,,gold,10,0.0138029509757258,0.5185185185185185,0.0,58,4202,0.0,61.5,,,,,,,
corpus_federal,federal,hybrid,rewriter,roundrobin,True,,gold,20,0.0216563541170871,0.6666666666666666,0.0,91,4202,0.0,61.5,,,,,,,
corpus_federal,federal,hybrid,rewriter,roundrobin,True,,gold,50,0.0414088529271775,0.8271604938271605,0.0,174,4202,0.0,61.5,,,,,,,
corpus_federal,federal,hybrid,rewriter,roundrobin,True,,gold,100,0.0594954783436458,0.9012345679012346,0.0,250,4202,0.0,61.5,,,,,,,
mode_fts,combined,fts,rewriter,roundrobin,True,,refex,5,0.007733491969066,0.1428571428571428,0.0,13,1681,0.0,26.1,,,,,,,
mode_fts,combined,fts,rewriter,roundrobin,True,,refex,10,0.0107079119571683,0.2077922077922078,0.0,18,1681,0.0,26.1,,,,,,,
mode_fts,combined,fts,rewriter,roundrobin,True,,refex,20,0.0237953599048185,0.3896103896103896,0.0,40,1681,0.0,26.1,,,,,,,
mode_fts,combined,fts,rewriter,roundrobin,True,,refex,50,0.0404521118381915,0.5324675324675324,0.0,68,1681,0.0,26.1,,,,,,,
mode_fts,combined,fts,rewriter,roundrobin,True,,refex,100,0.0588935157644259,0.6103896103896104,0.0,99,1681,0.0,26.1,,,,,,,
mode_fts,combined,fts,rewriter,roundrobin,True,,gold,5,0.0090433127082341,0.3333333333333333,0.011070110701107,38,4202,0.0,26.1,,,,,,,
mode_fts,combined,fts,rewriter,roundrobin,True,,gold,10,0.0145168967158495,0.4938271604938271,0.0178351783517835,61,4202,0.0,26.1,,,,,,,
mode_fts,combined,fts,rewriter,roundrobin,True,,gold,20,0.0240361732508329,0.6419753086419753,0.0252152521525215,101,4202,0.0,26.1,,,,,,,
mode_fts,combined,fts,rewriter,roundrobin,True,,gold,50,0.0395049976201808,0.7530864197530864,0.040590405904059,166,4202,0.0,26.1,,,,,,,
mode_fts,combined,fts,rewriter,roundrobin,True,,gold,100,0.0578296049500237,0.8271604938271605,0.0559655596555965,243,4202,0.0,26.1,,,,,,,
mode_vector,combined,vector,rewriter,roundrobin,True,,refex,5,0.0142772159428911,0.2857142857142857,0.0,24,1681,0.0,60.8,,,,,,,
mode_vector,combined,vector,rewriter,roundrobin,True,,refex,10,0.0255800118976799,0.4155844155844156,0.0,43,1681,0.0,60.8,,,,,,,
mode_vector,combined,vector,rewriter,roundrobin,True,,refex,20,0.0374776918500892,0.5324675324675324,0.0,63,1681,0.0,60.8,,,,,,,
mode_vector,combined,vector,rewriter,roundrobin,True,,refex,50,0.065437239738251,0.6363636363636364,0.0,110,1681,0.0,60.8,,,,,,,
mode_vector,combined,vector,rewriter,roundrobin,True,,refex,100,0.0969660916121356,0.7792207792207793,0.0,163,1681,0.0,60.8,,,,,,,
mode_vector,combined,vector,rewriter,roundrobin,True,,gold,5,0.0178486435030937,0.6419753086419753,0.0289052890528905,75,4202,0.0,60.8,,,,,,,
mode_vector,combined,vector,rewriter,roundrobin,True,,gold,10,0.0316515944788196,0.7777777777777778,0.047970479704797,133,4202,0.0,60.8,,,,,,,
mode_vector,combined,vector,rewriter,roundrobin,True,,gold,20,0.0454545454545454,0.8641975308641975,0.066420664206642,191,4202,0.0,60.8,,,,,,,
mode_vector,combined,vector,rewriter,roundrobin,True,,gold,50,0.0752022846263684,0.925925925925926,0.1008610086100861,316,4202,0.0,60.8,,,,,,,
mode_vector,combined,vector,rewriter,roundrobin,True,,gold,100,0.1099476439790576,0.9753086419753086,0.1414514145141451,462,4202,0.0,60.8,,,,,,,
query_facts,combined,hybrid,facts,roundrobin,True,,refex,5,0.0065437239738251,0.1298701298701298,0.0,11,1681,0.0,52.0,,,,,,,
query_facts,combined,hybrid,facts,roundrobin,True,,refex,10,0.0101130279595478,0.1948051948051948,0.0,17,1681,0.0,52.0,,,,,,,
query_facts,combined,hybrid,facts,roundrobin,True,,refex,20,0.0166567519333729,0.2727272727272727,0.0,28,1681,0.0,52.0,,,,,,,
query_facts,combined,hybrid,facts,roundrobin,True,,refex,50,0.023200475907198,0.3246753246753247,0.0,39,1681,0.0,52.0,,,,,,,
query_facts,combined,hybrid,facts,roundrobin,True,,refex,100,0.032123735871505,0.3636363636363636,0.0,54,1681,0.0,52.0,,,,,,,
query_facts,combined,hybrid,facts,roundrobin,True,,gold,5,0.0076154212279866,0.3086419753086419,0.011070110701107,32,4202,0.0,52.0,,,,,,,
query_facts,combined,hybrid,facts,roundrobin,True,,gold,10,0.0107091861018562,0.4074074074074074,0.0153751537515375,45,4202,0.0,52.0,,,,,,,
query_facts,combined,hybrid,facts,roundrobin,True,,gold,20,0.0161827701094716,0.4691358024691358,0.019680196801968,68,4202,0.0,52.0,,,,,,,
query_facts,combined,hybrid,facts,roundrobin,True,,gold,50,0.0230842455973346,0.5555555555555556,0.028290282902829,97,4202,0.0,52.0,,,,,,,
query_facts,combined,hybrid,facts,roundrobin,True,,gold,100,0.0297477391718229,0.6419753086419753,0.0362853628536285,125,4202,0.0,52.0,,,,,,,
query_sentences,combined,hybrid,sentences,roundrobin,True,,refex,5,0.007733491969066,0.1688311688311688,0.0,13,1681,0.0,167.6,,,,,,,
query_sentences,combined,hybrid,sentences,roundrobin,True,,refex,10,0.0172516359309934,0.3376623376623376,0.0,29,1681,0.0,167.6,,,,,,,
query_sentences,combined,hybrid,sentences,roundrobin,True,,refex,20,0.0261748958953004,0.3766233766233766,0.0,44,1681,0.0,167.6,,,,,,,
query_sentences,combined,hybrid,sentences,roundrobin,True,,refex,50,0.041046995835812,0.4675324675324675,0.0,69,1681,0.0,167.6,,,,,,,
query_sentences,combined,hybrid,sentences,roundrobin,True,,refex,100,0.0571088637715645,0.5584415584415584,0.0,96,1681,0.0,167.6,,,,,,,
query_sentences,combined,hybrid,sentences,roundrobin,True,,gold,5,0.0088053307948595,0.4074074074074074,0.0141451414514145,37,4202,0.0,167.6,,,,,,,
query_sentences,combined,hybrid,sentences,roundrobin,True,,gold,10,0.0168967158495954,0.5925925925925926,0.023370233702337,71,4202,0.0,167.6,,,,,,,
query_sentences,combined,hybrid,sentences,roundrobin,True,,gold,20,0.0273679200380771,0.6790123456790124,0.038130381303813,115,4202,0.0,167.6,,,,,,,
query_sentences,combined,hybrid,sentences,roundrobin,True,,gold,50,0.0499762018086625,0.8641975308641975,0.0731857318573185,210,4202,0.0,167.6,,,,,,,
query_sentences,combined,hybrid,sentences,roundrobin,True,,gold,100,0.0683008091385054,0.9382716049382716,0.1002460024600246,287,4202,0.0,167.6,,,,,,,
query_rubric_CEILING,combined,hybrid,rubric,roundrobin,True,,refex,5,0.0035693039857227,0.0779220779220779,0.0,6,1681,0.0,113.6,,,,,,,
query_rubric_CEILING,combined,hybrid,rubric,roundrobin,True,,refex,10,0.0071386079714455,0.1558441558441558,0.0,12,1681,0.0,113.6,,,,,,,
query_rubric_CEILING,combined,hybrid,rubric,roundrobin,True,,refex,20,0.0208209399167162,0.4025974025974026,0.0,35,1681,0.0,113.6,,,,,,,
query_rubric_CEILING,combined,hybrid,rubric,roundrobin,True,,refex,50,0.0368828078524687,0.5844155844155844,0.0,62,1681,0.0,113.6,,,,,,,
query_rubric_CEILING,combined,hybrid,rubric,roundrobin,True,,refex,100,0.056513979773944,0.6753246753246753,0.0,95,1681,0.0,113.6,,,,,,,
query_rubric_CEILING,combined,hybrid,rubric,roundrobin,True,,gold,5,0.0049976201808662,0.2469135802469135,0.0079950799507995,21,4202,0.0,113.6,,,,,,,
query_rubric_CEILING,combined,hybrid,rubric,roundrobin,True,,gold,10,0.0080913850547358,0.3580246913580246,0.011070110701107,34,4202,0.0,113.6,,,,,,,
query_rubric_CEILING,combined,hybrid,rubric,roundrobin,True,,gold,20,0.0180866254164683,0.654320987654321,0.018450184501845,76,4202,0.0,113.6,,,,,,,
query_rubric_CEILING,combined,hybrid,rubric,roundrobin,True,,gold,50,0.02855782960495,0.7901234567901234,0.0252152521525215,120,4202,0.0,113.6,,,,,,,
query_rubric_CEILING,combined,hybrid,rubric,roundrobin,True,,gold,100,0.0423607805806758,0.8888888888888888,0.0362853628536285,178,4202,0.0,113.6,,,,,,,
query_solution_CEILING,combined,hybrid,solution,roundrobin,True,,refex,5,0.0130874479476502,0.2467532467532467,0.0,22,1681,0.0,38.1,,,,,,,
query_solution_CEILING,combined,hybrid,solution,roundrobin,True,,refex,10,0.0196311719214753,0.3116883116883117,0.0,33,1681,0.0,38.1,,,,,,,
query_solution_CEILING,combined,hybrid,solution,roundrobin,True,,refex,20,0.0249851279000594,0.3506493506493506,0.0,42,1681,0.0,38.1,,,,,,,
query_solution_CEILING,combined,hybrid,solution,roundrobin,True,,refex,50,0.0529446757882213,0.5974025974025974,0.0,89,1681,0.0,38.1,,,,,,,
query_solution_CEILING,combined,hybrid,solution,roundrobin,True,,refex,100,0.0791195716835217,0.6883116883116883,0.0,133,1681,0.0,38.1,,,,,,,
query_solution_CEILING,combined,hybrid,solution,roundrobin,True,,gold,5,0.0176106615897191,0.6049382716049383,0.029520295202952,74,4202,0.0,38.1,,,,,,,
query_solution_CEILING,combined,hybrid,solution,roundrobin,True,,gold,10,0.0266539742979533,0.691358024691358,0.0436654366543665,112,4202,0.0,38.1,,,,,,,
query_solution_CEILING,combined,hybrid,solution,roundrobin,True,,gold,20,0.0368871965730604,0.7777777777777778,0.0621156211562115,155,4202,0.0,38.1,,,,,,,
query_solution_CEILING,combined,hybrid,solution,roundrobin,True,,gold,50,0.0597334602570204,0.8641975308641975,0.087330873308733,251,4202,0.0,38.1,,,,,,,
query_solution_CEILING,combined,hybrid,solution,roundrobin,True,,gold,100,0.0866254164683484,0.8888888888888888,0.1205412054120541,364,4202,0.0,38.1,,,,,,,
merge_concat,combined,hybrid,rewriter,concat,True,,refex,5,0.0107079119571683,0.2077922077922078,0.0,18,1681,0.0,14.5,,,,,,,
merge_concat,combined,hybrid,rewriter,concat,True,,refex,10,0.0196311719214753,0.3246753246753247,0.0,33,1681,0.0,14.5,,,,,,,
merge_concat,combined,hybrid,rewriter,concat,True,,refex,20,0.0249851279000594,0.3636363636363636,0.0,42,1681,0.0,14.5,,,,,,,
merge_concat,combined,hybrid,rewriter,concat,True,,refex,50,0.0452111838191552,0.5194805194805194,0.0,76,1681,0.0,14.5,,,,,,,
merge_concat,combined,hybrid,rewriter,concat,True,,refex,100,0.065437239738251,0.6103896103896104,0.0,110,1681,0.0,14.5,,,,,,,
merge_concat,combined,hybrid,rewriter,concat,True,,gold,5,0.0161827701094716,0.5061728395061729,0.027060270602706,68,4202,0.0,14.5,,,,,,,
merge_concat,combined,hybrid,rewriter,concat,True,,gold,10,0.0264159923845787,0.6666666666666666,0.043050430504305,111,4202,0.0,14.5,,,,,,,
merge_concat,combined,hybrid,rewriter,concat,True,,gold,20,0.03998096144693,0.8395061728395061,0.0658056580565805,168,4202,0.0,14.5,,,,,,,
merge_concat,combined,hybrid,rewriter,concat,True,,gold,50,0.0694907187053783,0.9382716049382716,0.1082410824108241,292,4202,0.0,14.5,,,,,,,
merge_concat,combined,hybrid,rewriter,concat,True,,gold,100,0.0973346025702046,0.9629629629629628,0.1451414514145141,409,4202,0.0,14.5,,,,,,,
merge_rrf,combined,hybrid,rewriter,rrf,True,,refex,5,0.0220107079119571,0.3636363636363636,0.0,37,1681,0.0,72.6,,,,,,,
merge_rrf,combined,hybrid,rewriter,rrf,True,,refex,10,0.0339083878643664,0.5194805194805194,0.0,57,1681,0.0,72.6,,,,,,,
merge_rrf,combined,hybrid,rewriter,rrf,True,,refex,20,0.0469958358120166,0.6103896103896104,0.0,79,1681,0.0,72.6,,,,,,,
merge_rrf,combined,hybrid,rewriter,rrf,True,,refex,50,0.0666270077334919,0.7142857142857143,0.0,112,1681,0.0,72.6,,,,,,,
merge_rrf,combined,hybrid,rewriter,rrf,True,,refex,100,0.0939916716240333,0.7662337662337663,0.0,158,1681,0.0,72.6,,,,,,,
merge_rrf,combined,hybrid,rewriter,rrf,True,,gold,5,0.02284626368396,0.6790123456790124,0.0276752767527675,96,4202,0.0,72.6,,,,,,,
merge_rrf,combined,hybrid,rewriter,rrf,True,,gold,10,0.0349833412660637,0.8024691358024691,0.043050430504305,147,4202,0.0,72.6,,,,,,,
merge_rrf,combined,hybrid,rewriter,rrf,True,,gold,20,0.0504521656354117,0.9012345679012346,0.0633456334563345,212,4202,0.0,72.6,,,,,,,
merge_rrf,combined,hybrid,rewriter,rrf,True,,gold,50,0.0851975249881009,0.9753086419753086,0.1162361623616236,358,4202,0.0,72.6,,,,,,,
merge_rrf,combined,hybrid,rewriter,rrf,True,,gold,100,0.1123274631128034,0.9753086419753086,0.1500615006150061,472,4202,0.0,72.6,,,,,,,
nostructural,combined,hybrid,rewriter,roundrobin,False,,refex,5,0.015466983938132,0.2857142857142857,0.0,26,1681,0.0320987654320987,54.5,,,,,,,
nostructural,combined,hybrid,rewriter,roundrobin,False,,refex,10,0.0226055919095776,0.3896103896103896,0.0,38,1681,0.0320987654320987,54.5,,,,,,,
nostructural,combined,hybrid,rewriter,roundrobin,False,,refex,20,0.032123735871505,0.4805194805194805,0.0,54,1681,0.0320987654320987,54.5,,,,,,,
nostructural,combined,hybrid,rewriter,roundrobin,False,,refex,50,0.0588935157644259,0.6623376623376623,0.0,99,1681,0.0320987654320987,54.5,,,,,,,
nostructural,combined,hybrid,rewriter,roundrobin,False,,refex,100,0.082093991671624,0.7272727272727273,0.0,138,1681,0.0320987654320987,54.5,,,,,,,
nostructural,combined,hybrid,rewriter,roundrobin,False,,gold,5,0.0180866254164683,0.6419753086419753,0.028290282902829,76,4202,0.0320987654320987,54.5,,,,,,,
nostructural,combined,hybrid,rewriter,roundrobin,False,,gold,10,0.0261780104712041,0.7530864197530864,0.03690036900369,110,4202,0.0320987654320987,54.5,,,,,,,
nostructural,combined,hybrid,rewriter,roundrobin,False,,gold,20,0.0433127082341742,0.8765432098765432,0.063960639606396,182,4202,0.0320987654320987,54.5,,,,,,,
nostructural,combined,hybrid,rewriter,roundrobin,False,,gold,50,0.0683008091385054,0.9753086419753086,0.0916359163591635,287,4202,0.0320987654320987,54.5,,,,,,,
nostructural,combined,hybrid,rewriter,roundrobin,False,,gold,100,0.0959067110899571,0.9753086419753086,0.1266912669126691,403,4202,0.0320987654320987,54.5,,,,,,,
rw_statute,combined,hybrid,rw_statute,roundrobin,True,,refex,5,0.0130874479476502,0.2467532467532467,0.0,22,1681,0.0,77.5,,,,,,,
rw_statute,combined,hybrid,rw_statute,roundrobin,True,,refex,10,0.0208209399167162,0.3506493506493506,0.0,35,1681,0.0,77.5,,,,,,,
rw_statute,combined,hybrid,rw_statute,roundrobin,True,,refex,20,0.0303390838786436,0.4155844155844156,0.0,51,1681,0.0,77.5,,,,,,,
rw_statute,combined,hybrid,rw_statute,roundrobin,True,,refex,50,0.0499702558001189,0.5714285714285714,0.0,84,1681,0.0,77.5,,,,,,,
rw_statute,combined,hybrid,rw_statute,roundrobin,True,,refex,100,0.0636525877453896,0.6493506493506493,0.0,107,1681,0.0,77.5,,,,,,,
rw_statute,combined,hybrid,rw_statute,roundrobin,True,,gold,5,0.010233222275107,0.4074074074074074,0.0092250922509225,43,4202,0.0,77.5,,,,,,,
rw_statute,combined,hybrid,rw_statute,roundrobin,True,,gold,10,0.0161827701094716,0.5679012345679012,0.015990159901599,68,4202,0.0,77.5,,,,,,,
rw_statute,combined,hybrid,rw_statute,roundrobin,True,,gold,20,0.0283198476915754,0.7407407407407407,0.033210332103321,119,4202,0.0,77.5,,,,,,,
rw_statute,combined,hybrid,rw_statute,roundrobin,True,,gold,50,0.0445026178010471,0.8888888888888888,0.050430504305043,187,4202,0.0,77.5,,,,,,,
rw_statute,combined,hybrid,rw_statute,roundrobin,True,,gold,100,0.06282722513089,0.9629629629629628,0.07380073800738,264,4202,0.0,77.5,,,,,,,
rw_citations,combined,hybrid,rw_citations,roundrobin,True,,refex,5,0.0,0.0,0.0,0,1681,0.0,124.5,,,,,,,
rw_citations,combined,hybrid,rw_citations,roundrobin,True,,refex,10,0.0017846519928613,0.0389610389610389,0.0,3,1681,0.0,124.5,,,,,,,
rw_citations,combined,hybrid,rw_citations,roundrobin,True,,refex,20,0.007733491969066,0.1688311688311688,0.0,13,1681,0.0,124.5,,,,,,,
rw_citations,combined,hybrid,rw_citations,roundrobin,True,,refex,50,0.032123735871505,0.4545454545454545,0.0,54,1681,0.0,124.5,,,,,,,
rw_citations,combined,hybrid,rw_citations,roundrobin,True,,refex,100,0.0606781677572873,0.5974025974025974,0.0,102,1681,0.0,124.5,,,,,,,
rw_citations,combined,hybrid,rw_citations,roundrobin,True,,gold,5,0.0,0.0,0.0,0,4202,0.0,124.5,,,,,,,
rw_citations,combined,hybrid,rw_citations,roundrobin,True,,gold,10,0.0026178010471204,0.1234567901234567,0.0030750307503075,11,4202,0.0,124.5,,,,,,,
rw_citations,combined,hybrid,rw_citations,roundrobin,True,,gold,20,0.008567348881485,0.345679012345679,0.007380073800738,36,4202,0.0,124.5,,,,,,,
rw_citations,combined,hybrid,rw_citations,roundrobin,True,,gold,50,0.0309376487386958,0.7160493827160493,0.0178351783517835,130,4202,0.0,124.5,,,,,,,
rw_citations,combined,hybrid,rw_citations,roundrobin,True,,gold,100,0.0566396953831508,0.9135802469135802,0.038130381303813,238,4202,0.0,124.5,,,,,,,
rerank_bge,combined,hybrid,rewriter,rrf,True,bge,refex,5,0.0291493158834027,0.4935064935064935,0.0,49,1681,0.0,883.3,,,,,,,
rerank_bge,combined,hybrid,rewriter,rrf,True,bge,refex,10,0.0368828078524687,0.4935064935064935,0.0,62,1681,0.0,883.3,,,,,,,
rerank_bge,combined,hybrid,rewriter,rrf,True,bge,refex,20,0.0547293277810826,0.5974025974025974,0.0,92,1681,0.0,883.3,,,,,,,
rerank_bge,combined,hybrid,rewriter,rrf,True,bge,refex,50,0.08982748364069,0.6883116883116883,0.0,151,1681,0.0,883.3,,,,,,,
rerank_bge,combined,hybrid,rewriter,rrf,True,bge,refex,100,0.11540749553837,0.7662337662337663,0.0,194,1681,0.0,883.3,,,,,,,
rerank_bge,combined,hybrid,rewriter,rrf,True,bge,gold,5,0.0283198476915754,0.7901234567901234,0.0325953259532595,119,4202,0.0,883.3,,,,,,,
rerank_bge,combined,hybrid,rewriter,rrf,True,bge,gold,10,0.03998096144693,0.8518518518518519,0.047970479704797,168,4202,0.0,883.3,,,,,,,
rerank_bge,combined,hybrid,rewriter,rrf,True,bge,gold,20,0.059971442170395,0.9382716049382716,0.07380073800738,252,4202,0.0,883.3,,,,,,,
rerank_bge,combined,hybrid,rewriter,rrf,True,bge,gold,50,0.1070918610185625,0.9753086419753086,0.1359163591635916,450,4202,0.0,883.3,,,,,,,
rerank_bge,combined,hybrid,rewriter,rrf,True,bge,gold,100,0.1420752022846263,0.9753086419753086,0.1869618696186961,597,4202,0.0,883.3,,,,,,,
rerank_gte,combined,hybrid,rewriter,rrf,True,gte,refex,5,0.023200475907198,0.3766233766233766,0.0,39,1681,0.0,332.9,,,,,,,
rerank_gte,combined,hybrid,rewriter,rrf,True,gte,refex,10,0.0339083878643664,0.5194805194805194,0.0,57,1681,0.0,332.9,,,,,,,
rerank_gte,combined,hybrid,rewriter,rrf,True,gte,refex,20,0.0469958358120166,0.5974025974025974,0.0,79,1681,0.0,332.9,,,,,,,
rerank_gte,combined,hybrid,rewriter,rrf,True,gte,refex,50,0.082093991671624,0.7272727272727273,0.0,138,1681,0.0,332.9,,,,,,,
rerank_gte,combined,hybrid,rewriter,rrf,True,gte,refex,100,0.106484235574063,0.8051948051948052,0.0,179,1681,0.0,332.9,,,,,,,
rerank_gte,combined,hybrid,rewriter,rrf,True,gte,gold,5,0.0197524988100904,0.6666666666666666,0.0190651906519065,83,4202,0.0,332.9,,,,,,,
rerank_gte,combined,hybrid,rewriter,rrf,True,gte,gold,10,0.0345073774393146,0.8765432098765432,0.0387453874538745,145,4202,0.0,332.9,,,,,,,
rerank_gte,combined,hybrid,rewriter,rrf,True,gte,gold,20,0.0499762018086625,0.925925925925926,0.06150061500615,210,4202,0.0,332.9,,,,,,,
rerank_gte,combined,hybrid,rewriter,rrf,True,gte,gold,50,0.09138505473584,0.9753086419753086,0.1162361623616236,384,4202,0.0,332.9,,,,,,,
rerank_gte,combined,hybrid,rewriter,rrf,True,gte,gold,100,0.1294621608757734,0.9753086419753086,0.1734317343173431,544,4202,0.0,332.9,,,,,,,
state_share40,combined,hybrid,rewriter,rrf,True,,refex,5,0.0,0.0,0.0,0,1681,0.0,111.8,,,0.4,,,,
state_share40,combined,hybrid,rewriter,rrf,True,,refex,10,0.0035693039857227,0.0649350649350649,0.0,6,1681,0.0,111.8,,,0.4,,,,
state_share40,combined,hybrid,rewriter,rrf,True,,refex,20,0.0101130279595478,0.1688311688311688,0.0,17,1681,0.0,111.8,,,0.4,,,,
state_share40,combined,hybrid,rewriter,rrf,True,,refex,50,0.0600832837596668,0.6623376623376623,0.0,101,1681,0.0,111.8,,,0.4,,,,
state_share40,combined,hybrid,rewriter,rrf,True,,refex,100,0.0939916716240333,0.7662337662337663,0.0,158,1681,0.0,111.8,,,0.4,,,,
state_share40,combined,hybrid,rewriter,rrf,True,,gold,5,0.0214183722037125,0.5802469135802469,0.052890528905289,90,4202,0.0,111.8,,,0.4,,,,
state_share40,combined,hybrid,rewriter,rrf,True,,gold,10,0.0349833412660637,0.7037037037037037,0.082410824108241,147,4202,0.0,111.8,,,0.4,,,,
state_share40,combined,hybrid,rewriter,rrf,True,,gold,20,0.0544978581627796,0.8024691358024691,0.1236162361623616,229,4202,0.0,111.8,,,0.4,,,,
state_share40,combined,hybrid,rewriter,rrf,True,,gold,50,0.0901951451689671,0.9506172839506172,0.1469864698646986,379,4202,0.0,111.8,,,0.4,,,,
state_share40,combined,hybrid,rewriter,rrf,True,,gold,100,0.1111375535459305,0.9753086419753086,0.1469864698646986,467,4202,0.0,111.8,,,0.4,,,,
state_share60,combined,hybrid,rewriter,rrf,True,,refex,5,0.0,0.0,0.0,0,1681,0.0,111.0,,,0.6,,,,
state_share60,combined,hybrid,rewriter,rrf,True,,refex,10,0.0035693039857227,0.0649350649350649,0.0,6,1681,0.0,111.0,,,0.6,,,,
state_share60,combined,hybrid,rewriter,rrf,True,,refex,20,0.0101130279595478,0.1688311688311688,0.0,17,1681,0.0,111.0,,,0.6,,,,
state_share60,combined,hybrid,rewriter,rrf,True,,refex,50,0.0582986317668054,0.6493506493506493,0.0,98,1681,0.0,111.0,,,0.6,,,,
state_share60,combined,hybrid,rewriter,rrf,True,,refex,100,0.0939916716240333,0.7662337662337663,0.0,158,1681,0.0,111.0,,,0.6,,,,
state_share60,combined,hybrid,rewriter,rrf,True,,gold,5,0.0214183722037125,0.5802469135802469,0.052890528905289,90,4202,0.0,111.0,,,0.6,,,,
state_share60,combined,hybrid,rewriter,rrf,True,,gold,10,0.0349833412660637,0.7037037037037037,0.082410824108241,147,4202,0.0,111.0,,,0.6,,,,
state_share60,combined,hybrid,rewriter,rrf,True,,gold,20,0.0544978581627796,0.8024691358024691,0.1236162361623616,229,4202,0.0,111.0,,,0.6,,,,
state_share60,combined,hybrid,rewriter,rrf,True,,gold,50,0.0897191813422179,0.9506172839506172,0.1494464944649446,377,4202,0.0,111.0,,,0.6,,,,
state_share60,combined,hybrid,rewriter,rrf,True,,gold,100,0.1123274631128034,0.9753086419753086,0.1500615006150061,472,4202,0.0,111.0,,,0.6,,,,
rerank_pool100,combined,hybrid,rewriter,rrf,True,bge,refex,5,0.0267697798929208,0.4545454545454545,0.0,45,1681,0.0,465.7,,,,100.0,,,
rerank_pool100,combined,hybrid,rewriter,rrf,True,bge,refex,10,0.0345032718619869,0.5064935064935064,0.0,58,1681,0.0,465.7,,,,100.0,,,
rerank_pool100,combined,hybrid,rewriter,rrf,True,bge,refex,20,0.0535395597858417,0.5974025974025974,0.0,90,1681,0.0,465.7,,,,100.0,,,
rerank_pool100,combined,hybrid,rewriter,rrf,True,bge,refex,50,0.0832837596668649,0.7272727272727273,0.0,140,1681,0.0,465.7,,,,100.0,,,
rerank_pool100,combined,hybrid,rewriter,rrf,True,bge,refex,100,0.0939916716240333,0.7662337662337663,0.0,158,1681,0.0,465.7,,,,100.0,,,
rerank_pool100,combined,hybrid,rewriter,rrf,True,bge,gold,5,0.0273679200380771,0.7777777777777778,0.033210332103321,115,4202,0.0,465.7,,,,100.0,,,
rerank_pool100,combined,hybrid,rewriter,rrf,True,bge,gold,10,0.0380771061399333,0.8518518518518519,0.04920049200492,160,4202,0.0,465.7,,,,100.0,,,
rerank_pool100,combined,hybrid,rewriter,rrf,True,bge,gold,20,0.0606853879105188,0.9382716049382716,0.081180811808118,255,4202,0.0,465.7,,,,100.0,,,
rerank_pool100,combined,hybrid,rewriter,rrf,True,bge,gold,50,0.1006663493574488,0.9753086419753086,0.1359163591635916,423,4202,0.0,465.7,,,,100.0,,,
rerank_pool100,combined,hybrid,rewriter,rrf,True,bge,gold,100,0.1123274631128034,0.9753086419753086,0.1500615006150061,472,4202,0.0,465.7,,,,100.0,,,
rerank_pool400,combined,hybrid,rewriter,rrf,True,bge,refex,5,0.0297441998810232,0.4675324675324675,0.0,50,1681,0.0,1554.2,,,,400.0,,,
rerank_pool400,combined,hybrid,rewriter,rrf,True,bge,refex,10,0.0374776918500892,0.5064935064935064,0.0,63,1681,0.0,1554.2,,,,400.0,,,
rerank_pool400,combined,hybrid,rewriter,rrf,True,bge,refex,20,0.0499702558001189,0.5324675324675324,0.0,84,1681,0.0,1554.2,,,,400.0,,,
rerank_pool400,combined,hybrid,rewriter,rrf,True,bge,refex,50,0.0826888756692445,0.7012987012987013,0.0,139,1681,0.0,1554.2,,,,400.0,,,
rerank_pool400,combined,hybrid,rewriter,rrf,True,bge,refex,100,0.1165972635336109,0.7532467532467533,0.0,196,1681,0.0,1554.2,,,,400.0,,,
rerank_pool400,combined,hybrid,rewriter,rrf,True,bge,gold,5,0.0276059019514516,0.7777777777777778,0.0301353013530135,116,4202,0.0,1554.2,,,,400.0,,,
rerank_pool400,combined,hybrid,rewriter,rrf,True,bge,gold,10,0.0387910518800571,0.8395061728395061,0.043050430504305,163,4202,0.0,1554.2,,,,400.0,,,
rerank_pool400,combined,hybrid,rewriter,rrf,True,bge,gold,20,0.0552118039029033,0.925925925925926,0.0633456334563345,232,4202,0.0,1554.2,,,,400.0,,,
rerank_pool400,combined,hybrid,rewriter,rrf,True,bge,gold,50,0.0956687291765825,0.9629629629629628,0.1150061500615006,402,4202,0.0,1554.2,,,,400.0,,,
rerank_pool400,combined,hybrid,rewriter,rrf,True,bge,gold,100,0.1482627320323655,0.9876543209876544,0.1875768757687577,623,4202,0.0,1554.2,,,,400.0,,,
rerank_innkube,combined,hybrid,rewriter,rrf,True,innkube,refex,5,0.0368828078524687,0.5714285714285714,0.0,62,1681,0.0,227.1,,,,,,,
rerank_innkube,combined,hybrid,rewriter,rrf,True,innkube,refex,10,0.0511600237953599,0.6363636363636364,0.0,86,1681,0.0,227.1,,,,,,,
rerank_innkube,combined,hybrid,rewriter,rrf,True,innkube,refex,20,0.0701963117192147,0.7142857142857143,0.0,118,1681,0.0,227.1,,,,,,,
rerank_innkube,combined,hybrid,rewriter,rrf,True,innkube,refex,50,0.1070791195716835,0.7662337662337663,0.0,180,1681,0.0,227.1,,,,,,,
rerank_innkube,combined,hybrid,rewriter,rrf,True,innkube,refex,100,0.1213563355145746,0.8051948051948052,0.0,204,1681,0.0,227.1,,,,,,,
rerank_innkube,combined,hybrid,rewriter,rrf,True,innkube,gold,5,0.03426939552594,0.8765432098765432,0.0338253382533825,144,4202,0.0,227.1,,,,,,,
rerank_innkube,combined,hybrid,rewriter,rrf,True,innkube,gold,10,0.0533079485959067,0.9506172839506172,0.06150061500615,224,4202,0.0,227.1,,,,,,,
rerank_innkube,combined,hybrid,rewriter,rrf,True,innkube,gold,20,0.0780580675868634,0.9753086419753086,0.0953259532595326,328,4202,0.0,227.1,,,,,,,
rerank_innkube,combined,hybrid,rewriter,rrf,True,innkube,gold,50,0.1256544502617801,0.9753086419753086,0.1617466174661746,528,4202,0.0,227.1,,,,,,,
rerank_innkube,combined,hybrid,rewriter,rrf,True,innkube,gold,100,0.1506425511661114,0.9753086419753086,0.1992619926199262,633,4202,0.0,227.1,,,,,,,
cite_only,combined,hybrid,rewriter,roundrobin,True,,refex,5,0.0672218917311124,0.6623376623376623,0.0,113,1681,0.0,0.0,,only,,,,,
cite_only,combined,hybrid,rewriter,roundrobin,True,,refex,10,0.1189767995240928,0.7792207792207793,0.0,200,1681,0.0,0.0,,only,,,,,
cite_only,combined,hybrid,rewriter,roundrobin,True,,refex,20,0.1415823914336704,0.8311688311688312,0.0,238,1681,0.0,0.0,,only,,,,,
cite_only,combined,hybrid,rewriter,roundrobin,True,,refex,50,0.1433670434265318,0.8311688311688312,0.0,241,1681,0.0,0.0,,only,,,,,
cite_only,combined,hybrid,rewriter,roundrobin,True,,refex,100,0.1433670434265318,0.8311688311688312,0.0,241,1681,0.0,0.0,,only,,,,,
cite_only,combined,hybrid,rewriter,roundrobin,True,,gold,5,0.0559257496430271,0.9382716049382716,0.0215252152521525,235,4202,0.0,0.0,,only,,,,,
cite_only,combined,hybrid,rewriter,roundrobin,True,,gold,10,0.0904331270823417,0.9629629629629628,0.0325953259532595,380,4202,0.0,0.0,,only,,,,,
cite_only,combined,hybrid,rewriter,roundrobin,True,,gold,20,0.1092336982389338,0.9753086419753086,0.038130381303813,459,4202,0.0,0.0,,only,,,,,
cite_only,combined,hybrid,rewriter,roundrobin,True,,gold,50,0.1116135173726796,0.9753086419753086,0.0387453874538745,469,4202,0.0,0.0,,only,,,,,
cite_only,combined,hybrid,rewriter,roundrobin,True,,gold,100,0.1116135173726796,0.9753086419753086,0.0387453874538745,469,4202,0.0,0.0,,only,,,,,
cite_then_search,combined,hybrid,rewriter,rrf,True,,refex,5,0.0678167757287329,0.6623376623376623,0.0,114,1681,0.0,66.0,,first,,,,,
cite_then_search,combined,hybrid,rewriter,rrf,True,,refex,10,0.1213563355145746,0.7922077922077922,0.0,204,1681,0.0,66.0,,first,,,,,
cite_then_search,combined,hybrid,rewriter,rrf,True,,refex,20,0.1534800713860797,0.8701298701298701,0.0,258,1681,0.0,66.0,,first,,,,,
cite_then_search,combined,hybrid,rewriter,rrf,True,,refex,50,0.1743010113027959,0.9090909090909092,0.0,293,1681,0.0,66.0,,first,,,,,
cite_then_search,combined,hybrid,rewriter,rrf,True,,refex,100,0.1963117192147531,0.9090909090909092,0.0,330,1681,0.0,66.0,,first,,,,,
cite_then_search,combined,hybrid,rewriter,rrf,True,,gold,5,0.0571156592099,0.9629629629629628,0.0239852398523985,240,4202,0.0,66.0,,first,,,,,
cite_then_search,combined,hybrid,rewriter,rrf,True,,gold,10,0.0961446930033317,0.9876543209876544,0.043050430504305,404,4202,0.0,66.0,,first,,,,,
cite_then_search,combined,hybrid,rewriter,rrf,True,,gold,20,0.1313660161827701,1.0,0.0756457564575645,552,4202,0.0,66.0,,first,,,,,
cite_then_search,combined,hybrid,rewriter,rrf,True,,gold,50,0.1649214659685864,1.0,0.1297662976629766,693,4202,0.0,66.0,,first,,,,,
cite_then_search,combined,hybrid,rewriter,rrf,True,,gold,100,0.1915754402665397,1.0,0.1703567035670356,805,4202,0.0,66.0,,first,,,,,
ls_only,combined,hybrid,rewriter,roundrobin,True,,refex,5,0.0392623438429506,0.6103896103896104,0.0,66,1681,0.0,32.8,,,,,only,,
ls_only,combined,hybrid,rewriter,roundrobin,True,,refex,10,0.0719809637120761,0.7272727272727273,0.0,121,1681,0.0,32.8,,,,,only,,
ls_only,combined,hybrid,rewriter,roundrobin,True,,refex,20,0.1177870315288518,0.7792207792207793,0.0,198,1681,0.0,32.8,,,,,only,,
ls_only,combined,hybrid,rewriter,roundrobin,True,,refex,50,0.1850089232599643,0.8311688311688312,0.0,311,1681,0.0,32.8,,,,,only,,
ls_only,combined,hybrid,rewriter,roundrobin,True,,refex,100,0.2058298631766805,0.8571428571428571,0.0,346,1681,0.0,32.8,,,,,only,,
ls_only,combined,hybrid,rewriter,roundrobin,True,,gold,5,0.0356972870061875,0.8395061728395061,0.028290282902829,150,4202,0.0,32.8,,,,,only,,
ls_only,combined,hybrid,rewriter,roundrobin,True,,gold,10,0.0633031889576392,0.9012345679012346,0.051660516605166,266,4202,0.0,32.8,,,,,only,,
ls_only,combined,hybrid,rewriter,roundrobin,True,,gold,20,0.1108995716325559,0.9506172839506172,0.1008610086100861,466,4202,0.0,32.8,,,,,only,,
ls_only,combined,hybrid,rewriter,roundrobin,True,,gold,50,0.1844359828653022,0.9876543209876544,0.1697416974169741,775,4202,0.0,32.8,,,,,only,,
ls_only,combined,hybrid,rewriter,roundrobin,True,,gold,100,0.2046644455021418,0.9876543209876544,0.1881918819188192,860,4202,0.0,32.8,,,,,only,,
ls_then_search,combined,hybrid,rewriter,rrf,True,,refex,5,0.0392623438429506,0.6103896103896104,0.0,66,1681,0.0,78.4,,,,,first,,
ls_then_search,combined,hybrid,rewriter,rrf,True,,refex,10,0.0719809637120761,0.7272727272727273,0.0,121,1681,0.0,78.4,,,,,first,,
ls_then_search,combined,hybrid,rewriter,rrf,True,,refex,20,0.1177870315288518,0.7792207792207793,0.0,198,1681,0.0,78.4,,,,,first,,
ls_then_search,combined,hybrid,rewriter,rrf,True,,refex,50,0.189767995240928,0.8441558441558441,0.0,319,1681,0.0,78.4,,,,,first,,
ls_then_search,combined,hybrid,rewriter,rrf,True,,refex,100,0.2331945270672218,0.9090909090909092,0.0,392,1681,0.0,78.4,,,,,first,,
ls_then_search,combined,hybrid,rewriter,rrf,True,,gold,5,0.0356972870061875,0.8395061728395061,0.028290282902829,150,4202,0.0,78.4,,,,,first,,
ls_then_search,combined,hybrid,rewriter,rrf,True,,gold,10,0.0633031889576392,0.9012345679012346,0.051660516605166,266,4202,0.0,78.4,,,,,first,,
ls_then_search,combined,hybrid,rewriter,rrf,True,,gold,20,0.1108995716325559,0.9506172839506172,0.1008610086100861,466,4202,0.0,78.4,,,,,first,,
ls_then_search,combined,hybrid,rewriter,rrf,True,,gold,50,0.1891956211327939,0.9876543209876544,0.1765067650676506,795,4202,0.0,78.4,,,,,first,,
ls_then_search,combined,hybrid,rewriter,rrf,True,,gold,100,0.2460732984293193,1.0,0.2496924969249692,1034,4202,0.0,78.4,,,,,first,,
ls_shallow10,combined,hybrid,rewriter,rrf,True,,refex,5,0.0422367638310529,0.6103896103896104,0.0,71,1681,0.0,76.9,,,,,first,10.0,
ls_shallow10,combined,hybrid,rewriter,rrf,True,,refex,10,0.0701963117192147,0.7012987012987013,0.0,118,1681,0.0,76.9,,,,,first,10.0,
ls_shallow10,combined,hybrid,rewriter,rrf,True,,refex,20,0.11540749553837,0.7792207792207793,0.0,194,1681,0.0,76.9,,,,,first,10.0,
ls_shallow10,combined,hybrid,rewriter,rrf,True,,refex,50,0.1635930993456276,0.8701298701298701,0.0,275,1681,0.0,76.9,,,,,first,10.0,
ls_shallow10,combined,hybrid,rewriter,rrf,True,,refex,100,0.1826293872694824,0.8961038961038961,0.0,307,1681,0.0,76.9,,,,,first,10.0,
ls_shallow10,combined,hybrid,rewriter,rrf,True,,gold,5,0.0345073774393146,0.8024691358024691,0.027060270602706,145,4202,0.0,76.9,,,,,first,10.0,
ls_shallow10,combined,hybrid,rewriter,rrf,True,,gold,10,0.0611613517372679,0.8888888888888888,0.0522755227552275,257,4202,0.0,76.9,,,,,first,10.0,
ls_shallow10,combined,hybrid,rewriter,rrf,True,,gold,20,0.1054259876249405,0.9506172839506172,0.093480934809348,443,4202,0.0,76.9,,,,,first,10.0,
ls_shallow10,combined,hybrid,rewriter,rrf,True,,gold,50,0.1656354117087101,0.9876543209876544,0.1611316113161131,696,4202,0.0,76.9,,,,,first,10.0,
ls_shallow10,combined,hybrid,rewriter,rrf,True,,gold,100,0.1984769157544026,1.0,0.2115621156211562,834,4202,0.0,76.9,,,,,first,10.0,
ls_deep50,combined,hybrid,rewriter,rrf,True,,refex,5,0.0380725758477097,0.5584415584415584,0.0,64,1681,0.0,81.7,,,,,first,50.0,
ls_deep50,combined,hybrid,rewriter,rrf,True,,refex,10,0.0636525877453896,0.6753246753246753,0.0,107,1681,0.0,81.7,,,,,first,50.0,
ls_deep50,combined,hybrid,rewriter,rrf,True,,refex,20,0.1130279595478881,0.8051948051948052,0.0,190,1681,0.0,81.7,,,,,first,50.0,
ls_deep50,combined,hybrid,rewriter,rrf,True,,refex,50,0.2093991671624033,0.8701298701298701,0.0,352,1681,0.0,81.7,,,,,first,50.0,
ls_deep50,combined,hybrid,rewriter,rrf,True,,refex,100,0.271861986912552,0.8831168831168831,0.0,457,1681,0.0,81.7,,,,,first,50.0,
ls_deep50,combined,hybrid,rewriter,rrf,True,,gold,5,0.0352213231794383,0.7777777777777778,0.028290282902829,148,4202,0.0,81.7,,,,,first,50.0,
ls_deep50,combined,hybrid,rewriter,rrf,True,,gold,10,0.0625892432175154,0.8765432098765432,0.055350553505535,263,4202,0.0,81.7,,,,,first,50.0,
ls_deep50,combined,hybrid,rewriter,rrf,True,,gold,20,0.1123274631128034,0.9876543209876544,0.1082410824108241,472,4202,0.0,81.7,,,,,first,50.0,
ls_deep50,combined,hybrid,rewriter,rrf,True,,gold,50,0.2077582103760114,1.0,0.1968019680196802,873,4202,0.0,81.7,,,,,first,50.0,
ls_deep50,combined,hybrid,rewriter,rrf,True,,gold,100,0.2843883864826273,1.0,0.2736777367773678,1195,4202,0.0,81.7,,,,,first,50.0,
ls_amtlich,combined,hybrid,rewriter,rrf,True,,refex,5,0.0291493158834027,0.4025974025974026,0.0,49,1681,0.0,77.8,,,,,first,,"('amtlich',)"
ls_amtlich,combined,hybrid,rewriter,rrf,True,,refex,10,0.0458060678167757,0.5454545454545454,0.0,77,1681,0.0,77.8,,,,,first,,"('amtlich',)"
ls_amtlich,combined,hybrid,rewriter,rrf,True,,refex,20,0.0707911957168352,0.7012987012987013,0.0,119,1681,0.0,77.8,,,,,first,,"('amtlich',)"
ls_amtlich,combined,hybrid,rewriter,rrf,True,,refex,50,0.1106484235574063,0.8051948051948052,0.0,186,1681,0.0,77.8,,,,,first,,"('amtlich',)"
ls_amtlich,combined,hybrid,rewriter,rrf,True,,refex,100,0.1374182034503271,0.8831168831168831,0.0,231,1681,0.0,77.8,,,,,first,,"('amtlich',)"
ls_amtlich,combined,hybrid,rewriter,rrf,True,,gold,5,0.02855782960495,0.6666666666666666,0.0252152521525215,120,4202,0.0,77.8,,,,,first,,"('amtlich',)"
ls_amtlich,combined,hybrid,rewriter,rrf,True,,gold,10,0.0518800571156592,0.8395061728395061,0.0547355473554735,218,4202,0.0,77.8,,,,,first,,"('amtlich',)"
ls_amtlich,combined,hybrid,rewriter,rrf,True,,gold,20,0.0785340314136125,0.925925925925926,0.0830258302583025,330,4202,0.0,77.8,,,,,first,,"('amtlich',)"
ls_amtlich,combined,hybrid,rewriter,rrf,True,,gold,50,0.1339838172298905,0.9876543209876544,0.1488314883148831,563,4202,0.0,77.8,,,,,first,,"('amtlich',)"
ls_amtlich,combined,hybrid,rewriter,rrf,True,,gold,100,0.1720609233698239,0.9876543209876544,0.2017220172201722,723,4202,0.0,77.8,,,,,first,,"('amtlich',)"
cite_ls_search,combined,hybrid,rewriter,rrf,True,,refex,5,0.0701963117192147,0.6753246753246753,0.0,118,1681,0.0,79.0,,first,,,first,,
cite_ls_search,combined,hybrid,rewriter,rrf,True,,refex,10,0.1279000594883997,0.7922077922077922,0.0,215,1681,0.0,79.0,,first,,,first,,
cite_ls_search,combined,hybrid,rewriter,rrf,True,,refex,20,0.182034503271862,0.8831168831168831,0.0,306,1681,0.0,79.0,,first,,,first,,
cite_ls_search,combined,hybrid,rewriter,rrf,True,,refex,50,0.247471743010113,0.9090909090909092,0.0,416,1681,0.0,79.0,,first,,,first,,
cite_ls_search,combined,hybrid,rewriter,rrf,True,,refex,100,0.2932778108268887,0.922077922077922,0.0,493,1681,0.0,79.0,,first,,,first,,
cite_ls_search,combined,hybrid,rewriter,rrf,True,,gold,5,0.0587815326035221,0.9506172839506172,0.023370233702337,247,4202,0.0,79.0,,first,,,first,,
cite_ls_search,combined,hybrid,rewriter,rrf,True,,gold,10,0.1018562589243217,0.9753086419753086,0.0448954489544895,428,4202,0.0,79.0,,first,,,first,,
cite_ls_search,combined,hybrid,rewriter,rrf,True,,gold,20,0.1561161351737268,1.0,0.0928659286592866,656,4202,0.0,79.0,,first,,,first,,
cite_ls_search,combined,hybrid,rewriter,rrf,True,,gold,50,0.2391718229414564,1.0,0.1906519065190652,1005,4202,0.0,79.0,,first,,,first,,
cite_ls_search,combined,hybrid,rewriter,rrf,True,,gold,100,0.2927177534507377,1.0,0.2601476014760147,1230,4202,0.0,79.0,,first,,,first,,
ls_q_leitsatz,combined,hybrid,rw_leitsatz,roundrobin,True,,refex,5,0.032123735871505,0.4805194805194805,0.0,54,1681,0.0,37.0,,,,,only,,
ls_q_leitsatz,combined,hybrid,rw_leitsatz,roundrobin,True,,refex,10,0.0535395597858417,0.5844155844155844,0.0,90,1681,0.0,37.0,,,,,only,,
ls_q_leitsatz,combined,hybrid,rw_leitsatz,roundrobin,True,,refex,20,0.0957763236168947,0.7272727272727273,0.0714285714285714,161,1681,0.0,37.0,,,,,only,,
ls_q_leitsatz,combined,hybrid,rw_leitsatz,roundrobin,True,,refex,50,0.1754907792980369,0.8441558441558441,0.0714285714285714,295,1681,0.0,37.0,,,,,only,,
ls_q_leitsatz,combined,hybrid,rw_leitsatz,roundrobin,True,,refex,100,0.1945270672218917,0.8441558441558441,0.0714285714285714,327,1681,0.0,37.0,,,,,only,,
ls_q_leitsatz,combined,hybrid,rw_leitsatz,roundrobin,True,,gold,5,0.0299857210851975,0.7654320987654321,0.02460024600246,126,4202,0.0,37.0,,,,,only,,
ls_q_leitsatz,combined,hybrid,rw_leitsatz,roundrobin,True,,gold,10,0.0533079485959067,0.8518518518518519,0.0399753997539975,224,4202,0.0,37.0,,,,,only,,
ls_q_leitsatz,combined,hybrid,rw_leitsatz,roundrobin,True,,gold,20,0.0968586387434555,0.9506172839506172,0.0879458794587945,407,4202,0.0,37.0,,,,,only,,
ls_q_leitsatz,combined,hybrid,rw_leitsatz,roundrobin,True,,gold,50,0.1718229414564493,0.9876543209876544,0.1512915129151291,722,4202,0.0,37.0,,,,,only,,
ls_q_leitsatz,combined,hybrid,rw_leitsatz,roundrobin,True,,gold,100,0.1949071870537839,1.0,0.1734317343173431,819,4202,0.0,37.0,,,,,only,,
ls_q_statute,combined,hybrid,rw_statute,roundrobin,True,,refex,5,0.0350981558596073,0.4415584415584415,0.0,59,1681,0.0,24.7,,,,,only,,
ls_q_statute,combined,hybrid,rw_statute,roundrobin,True,,refex,10,0.0571088637715645,0.6103896103896104,0.0,96,1681,0.0,24.7,,,,,only,,
ls_q_statute,combined,hybrid,rw_statute,roundrobin,True,,refex,20,0.1082688875669244,0.7662337662337663,0.0,182,1681,0.0,24.7,,,,,only,,
ls_q_statute,combined,hybrid,rw_statute,roundrobin,True,,refex,50,0.1909577632361689,0.8441558441558441,0.0,321,1681,0.0,24.7,,,,,only,,
ls_q_statute,combined,hybrid,rw_statute,roundrobin,True,,refex,100,0.2034503271861986,0.8571428571428571,0.0,342,1681,0.0,24.7,,,,,only,,
ls_q_statute,combined,hybrid,rw_statute,roundrobin,True,,gold,5,0.0299857210851975,0.7037037037037037,0.025830258302583,126,4202,0.0,24.7,,,,,only,,
ls_q_statute,combined,hybrid,rw_statute,roundrobin,True,,gold,10,0.0575916230366492,0.8765432098765432,0.0571955719557195,242,4202,0.0,24.7,,,,,only,,
ls_q_statute,combined,hybrid,rw_statute,roundrobin,True,,gold,20,0.0992384578772013,0.9753086419753086,0.093480934809348,417,4202,0.0,24.7,,,,,only,,
ls_q_statute,combined,hybrid,rw_statute,roundrobin,True,,gold,50,0.1734888148500714,0.9876543209876544,0.1512915129151291,729,4202,0.0,24.7,,,,,only,,
ls_q_statute,combined,hybrid,rw_statute,roundrobin,True,,gold,100,0.1899095668729176,0.9876543209876544,0.1697416974169741,798,4202,0.0,24.7,,,,,only,,
ls_q_rubric_CEILING,combined,hybrid,rubric,roundrobin,True,,refex,5,0.0339083878643664,0.5324675324675324,0.0,57,1681,0.0,42.0,,,,,only,,
ls_q_rubric_CEILING,combined,hybrid,rubric,roundrobin,True,,refex,10,0.0469958358120166,0.6233766233766234,0.0,79,1681,0.0,42.0,,,,,only,,
ls_q_rubric_CEILING,combined,hybrid,rubric,roundrobin,True,,refex,20,0.0773349196906603,0.7142857142857143,0.0,130,1681,0.0,42.0,,,,,only,,
ls_q_rubric_CEILING,combined,hybrid,rubric,roundrobin,True,,refex,50,0.1516954193932183,0.8051948051948052,0.0,255,1681,0.0,42.0,,,,,only,,
ls_q_rubric_CEILING,combined,hybrid,rubric,roundrobin,True,,refex,100,0.165377751338489,0.8051948051948052,0.0,278,1681,0.0,42.0,,,,,only,,
ls_q_rubric_CEILING,combined,hybrid,rubric,roundrobin,True,,gold,5,0.0183246073298429,0.6172839506172839,0.006150061500615,77,4202,0.0,42.0,,,,,only,,
ls_q_rubric_CEILING,combined,hybrid,rubric,roundrobin,True,,gold,10,0.02855782960495,0.7777777777777778,0.0141451414514145,120,4202,0.0,42.0,,,,,only,,
ls_q_rubric_CEILING,combined,hybrid,rubric,roundrobin,True,,gold,20,0.0544978581627796,0.9135802469135802,0.035670356703567,229,4202,0.0,42.0,,,,,only,,
ls_q_rubric_CEILING,combined,hybrid,rubric,roundrobin,True,,gold,50,0.1185149928605426,0.9876543209876544,0.082410824108241,498,4202,0.0,42.0,,,,,only,,
ls_q_rubric_CEILING,combined,hybrid,rubric,roundrobin,True,,gold,100,0.1306520704426463,0.9876543209876544,0.092250922509225,549,4202,0.0,42.0,,,,,only,,
ls_q_facts,combined,hybrid,facts,roundrobin,True,,refex,5,0.0303390838786436,0.3636363636363636,0.0,51,1681,0.0,21.9,,,,,only,,
ls_q_facts,combined,hybrid,facts,roundrobin,True,,refex,10,0.0458060678167757,0.4675324675324675,0.0,77,1681,0.0,21.9,,,,,only,,
ls_q_facts,combined,hybrid,facts,roundrobin,True,,refex,20,0.0844735276621058,0.6623376623376623,0.0,142,1681,0.0,21.9,,,,,only,,
ls_q_facts,combined,hybrid,facts,roundrobin,True,,refex,50,0.1463414634146341,0.7922077922077922,0.0,246,1681,0.0,21.9,,,,,only,,
ls_q_facts,combined,hybrid,facts,roundrobin,True,,refex,100,0.1522903033908388,0.8051948051948052,0.0,256,1681,0.0,21.9,,,,,only,,
ls_q_facts,combined,hybrid,facts,roundrobin,True,,gold,5,0.0287958115183246,0.6419753086419753,0.0276752767527675,121,4202,0.0,21.9,,,,,only,,
ls_q_facts,combined,hybrid,facts,roundrobin,True,,gold,10,0.0466444550214183,0.7530864197530864,0.0461254612546125,196,4202,0.0,21.9,,,,,only,,
ls_q_facts,combined,hybrid,facts,roundrobin,True,,gold,20,0.0801999048072346,0.8888888888888888,0.070110701107011,337,4202,0.0,21.9,,,,,only,,
ls_q_facts,combined,hybrid,facts,roundrobin,True,,gold,50,0.1327939076630176,0.9629629629629628,0.1088560885608856,558,4202,0.0,21.9,,,,,only,,
ls_q_facts,combined,hybrid,facts,roundrobin,True,,gold,100,0.1375535459305092,0.9629629629629628,0.1131611316113161,578,4202,0.0,21.9,,,,,only,,
fusion_w25,combined,hybrid,rewriter,rrf,True,,refex,5,0.0083283759666864,0.1558441558441558,0.0,14,1681,0.0,63.7,0.25,,,,,,
fusion_w25,combined,hybrid,rewriter,rrf,True,,refex,10,0.0166567519333729,0.2597402597402597,0.0,28,1681,0.0,63.7,0.25,,,,,,
fusion_w25,combined,hybrid,rewriter,rrf,True,,refex,20,0.0297441998810232,0.4155844155844156,0.0,50,1681,0.0,63.7,0.25,,,,,,
fusion_w25,combined,hybrid,rewriter,rrf,True,,refex,50,0.0517549077929803,0.5844155844155844,0.0,87,1681,0.0,63.7,0.25,,,,,,
fusion_w25,combined,hybrid,rewriter,rrf,True,,refex,100,0.0690065437239738,0.6233766233766234,0.0,116,1681,0.0,63.7,0.25,,,,,,
fusion_w25,combined,hybrid,rewriter,rrf,True,,gold,5,0.01142313184198,0.3703703703703703,0.015990159901599,48,4202,0.0,63.7,0.25,,,,,,
fusion_w25,combined,hybrid,rewriter,rrf,True,,gold,10,0.0190385530699666,0.5555555555555556,0.0239852398523985,80,4202,0.0,63.7,0.25,,,,,,
fusion_w25,combined,hybrid,rewriter,rrf,True,,gold,20,0.0287958115183246,0.691358024691358,0.0313653136531365,121,4202,0.0,63.7,0.25,,,,,,
fusion_w25,combined,hybrid,rewriter,rrf,True,,gold,50,0.0468824369347929,0.7530864197530864,0.0473554735547355,197,4202,0.0,63.7,0.25,,,,,,
fusion_w25,combined,hybrid,rewriter,rrf,True,,gold,100,0.0690147548786292,0.8641975308641975,0.067650676506765,290,4202,0.0,63.7,0.25,,,,,,
fusion_w50,combined,hybrid,rewriter,rrf,True,,refex,5,0.0124925639500297,0.2337662337662337,0.0,21,1681,0.0,62.5,0.5,,,,,,
fusion_w50,combined,hybrid,rewriter,rrf,True,,refex,10,0.0196311719214753,0.3116883116883117,0.0,33,1681,0.0,62.5,0.5,,,,,,
fusion_w50,combined,hybrid,rewriter,rrf,True,,refex,20,0.0350981558596073,0.4675324675324675,0.0,59,1681,0.0,62.5,0.5,,,,,,
fusion_w50,combined,hybrid,rewriter,rrf,True,,refex,50,0.0684116597263533,0.6753246753246753,0.0,115,1681,0.0,62.5,0.5,,,,,,
fusion_w50,combined,hybrid,rewriter,rrf,True,,refex,100,0.0975609756097561,0.7662337662337663,0.0,164,1681,0.0,62.5,0.5,,,,,,
fusion_w50,combined,hybrid,rewriter,rrf,True,,gold,5,0.0183246073298429,0.5802469135802469,0.0276752767527675,77,4202,0.0,62.5,0.5,,,,,,
fusion_w50,combined,hybrid,rewriter,rrf,True,,gold,10,0.0302237029985721,0.7283950617283951,0.0436654366543665,127,4202,0.0,62.5,0.5,,,,,,
fusion_w50,combined,hybrid,rewriter,rrf,True,,gold,20,0.0480723465016658,0.8641975308641975,0.0694956949569495,202,4202,0.0,62.5,0.5,,,,,,
fusion_w50,combined,hybrid,rewriter,rrf,True,,gold,50,0.0821037601142313,0.9506172839506172,0.1063960639606396,345,4202,0.0,62.5,0.5,,,,,,
fusion_w50,combined,hybrid,rewriter,rrf,True,,gold,100,0.1151832460732984,0.9753086419753086,0.1488314883148831,484,4202,0.0,62.5,0.5,,,,,,
fusion_w75,combined,hybrid,rewriter,rrf,True,,refex,5,0.0148720999405116,0.2597402597402597,0.0,25,1681,0.0,62.6,0.75,,,,,,
fusion_w75,combined,hybrid,rewriter,rrf,True,,refex,10,0.024390243902439,0.3506493506493506,0.0,41,1681,0.0,62.6,0.75,,,,,,
fusion_w75,combined,hybrid,rewriter,rrf,True,,refex,20,0.0368828078524687,0.4285714285714285,0.0,62,1681,0.0,62.6,0.75,,,,,,
fusion_w75,combined,hybrid,rewriter,rrf,True,,refex,50,0.0606781677572873,0.6493506493506493,0.0,102,1681,0.0,62.6,0.75,,,,,,
fusion_w75,combined,hybrid,rewriter,rrf,True,,refex,100,0.0999405116002379,0.7662337662337663,0.0,168,1681,0.0,62.6,0.75,,,,,,
fusion_w75,combined,hybrid,rewriter,rrf,True,,gold,5,0.0202284626368396,0.6666666666666666,0.0289052890528905,85,4202,0.0,62.6,0.75,,,,,,
fusion_w75,combined,hybrid,rewriter,rrf,True,,gold,10,0.0321275583055687,0.7777777777777778,0.045510455104551,135,4202,0.0,62.6,0.75,,,,,,
fusion_w75,combined,hybrid,rewriter,rrf,True,,gold,20,0.048548310328415,0.8765432098765432,0.0719557195571955,204,4202,0.0,62.6,0.75,,,,,,
fusion_w75,combined,hybrid,rewriter,rrf,True,,gold,50,0.0809138505473584,0.9506172839506172,0.1162361623616236,340,4202,0.0,62.6,0.75,,,,,,
fusion_w75,combined,hybrid,rewriter,rrf,True,,gold,100,0.118277010947168,0.9753086419753086,0.1580565805658056,497,4202,0.0,62.6,0.75,,,,,,
fusion_w90,combined,hybrid,rewriter,rrf,True,,refex,5,0.0124925639500297,0.2207792207792207,0.0,21,1681,0.0,74.5,0.9,,,,,,
fusion_w90,combined,hybrid,rewriter,rrf,True,,refex,10,0.0214158239143367,0.3116883116883117,0.0,36,1681,0.0,74.5,0.9,,,,,,
fusion_w90,combined,hybrid,rewriter,rrf,True,,refex,20,0.0327186198691255,0.3636363636363636,0.0,55,1681,0.0,74.5,0.9,,,,,,
fusion_w90,combined,hybrid,rewriter,rrf,True,,refex,50,0.0612730517549077,0.6493506493506493,0.0,103,1681,0.0,74.5,0.9,,,,,,
fusion_w90,combined,hybrid,rewriter,rrf,True,,refex,100,0.0981558596073765,0.7662337662337663,0.0,165,1681,0.0,74.5,0.9,,,,,,
fusion_w90,combined,hybrid,rewriter,rrf,True,,gold,5,0.0192765349833412,0.6296296296296297,0.029520295202952,81,4202,0.0,74.5,0.9,,,,,,
fusion_w90,combined,hybrid,rewriter,rrf,True,,gold,10,0.0306996668253212,0.7160493827160493,0.0461254612546125,129,4202,0.0,74.5,0.9,,,,,,
fusion_w90,combined,hybrid,rewriter,rrf,True,,gold,20,0.0483103284150404,0.8148148148148148,0.076260762607626,203,4202,0.0,74.5,0.9,,,,,,
fusion_w90,combined,hybrid,rewriter,rrf,True,,gold,50,0.0801999048072346,0.9506172839506172,0.1180811808118081,337,4202,0.0,74.5,0.9,,,,,,
fusion_w90,combined,hybrid,rewriter,rrf,True,,gold,100,0.1161351737267967,0.9753086419753086,0.1568265682656826,488,4202,0.0,74.5,0.9,,,,,,
rerank_jinav2,combined,hybrid,rewriter,rrf,True,jinav2,refex,5,0.0017846519928613,0.0389610389610389,0.0,3,1681,0.0,361.5,,,,,,,
rerank_jinav2,combined,hybrid,rewriter,rrf,True,jinav2,refex,10,0.0047590719809637,0.1038961038961039,0.0,8,1681,0.0,361.5,,,,,,,
rerank_jinav2,combined,hybrid,rewriter,rrf,True,jinav2,refex,20,0.0113027959547888,0.1948051948051948,0.0,19,1681,0.0,361.5,,,,,,,
rerank_jinav2,combined,hybrid,rewriter,rrf,True,jinav2,refex,50,0.0303390838786436,0.4415584415584415,0.0,51,1681,0.0,361.5,,,,,,,
rerank_jinav2,combined,hybrid,rewriter,rrf,True,jinav2,refex,100,0.0612730517549077,0.6493506493506493,0.0,103,1681,0.0,361.5,,,,,,,
rerank_jinav2,combined,hybrid,rewriter,rrf,True,jinav2,gold,5,0.002855782960495,0.1234567901234567,0.0030750307503075,12,4202,0.0,361.5,,,,,,,
rerank_jinav2,combined,hybrid,rewriter,rrf,True,jinav2,gold,10,0.0071394574012375,0.2716049382716049,0.0092250922509225,30,4202,0.0,361.5,,,,,,,
rerank_jinav2,combined,hybrid,rewriter,rrf,True,jinav2,gold,20,0.0140409328891004,0.4444444444444444,0.015990159901599,59,4202,0.0,361.5,,,,,,,
rerank_jinav2,combined,hybrid,rewriter,rrf,True,jinav2,gold,50,0.0383150880533079,0.7777777777777778,0.0522755227552275,161,4202,0.0,361.5,,,,,,,
rerank_jinav2,combined,hybrid,rewriter,rrf,True,jinav2,gold,100,0.0768681580199904,0.9506172839506172,0.1045510455104551,323,4202,0.0,361.5,,,,,,,
dense_rrf,combined,vector,rewriter,rrf,True,,refex,5,0.0107079119571683,0.1948051948051948,0.0,18,1681,0.0,48.0,,,,,,,
dense_rrf,combined,vector,rewriter,rrf,True,,refex,10,0.0184414039262343,0.2857142857142857,0.0,31,1681,0.0,48.0,,,,,,,
dense_rrf,combined,vector,rewriter,rrf,True,,refex,20,0.0303390838786436,0.3506493506493506,0.0,51,1681,0.0,48.0,,,,,,,
dense_rrf,combined,vector,rewriter,rrf,True,,refex,50,0.056513979773944,0.5974025974025974,0.0,95,1681,0.0,48.0,,,,,,,
dense_rrf,combined,vector,rewriter,rrf,True,,refex,100,0.0969660916121356,0.7662337662337663,0.0,163,1681,0.0,48.0,,,,,,,
dense_rrf,combined,vector,rewriter,rrf,True,,gold,5,0.0180866254164683,0.6049382716049383,0.030750307503075,76,4202,0.0,48.0,,,,,,,
dense_rrf,combined,vector,rewriter,rrf,True,,gold,10,0.0297477391718229,0.7283950617283951,0.0485854858548585,125,4202,0.0,48.0,,,,,,,
dense_rrf,combined,vector,rewriter,rrf,True,,gold,20,0.0461684911946692,0.8148148148148148,0.075030750307503,194,4202,0.0,48.0,,,,,,,
dense_rrf,combined,vector,rewriter,rrf,True,,gold,50,0.077106139933365,0.925925925925926,0.1174661746617466,324,4202,0.0,48.0,,,,,,,
dense_rrf,combined,vector,rewriter,rrf,True,,gold,100,0.1142313184198001,0.9753086419753086,0.1549815498154981,480,4202,0.0,48.0,,,,,,,
bm25_rrf,combined,fts,rewriter,rrf,True,,refex,5,0.0047590719809637,0.0909090909090909,0.0,8,1681,0.0,20.8,,,,,,,
bm25_rrf,combined,fts,rewriter,rrf,True,,refex,10,0.0101130279595478,0.1688311688311688,0.0,17,1681,0.0,20.8,,,,,,,
bm25_rrf,combined,fts,rewriter,rrf,True,,refex,20,0.0190362879238548,0.2987012987012987,0.0,32,1681,0.0,20.8,,,,,,,
bm25_rrf,combined,fts,rewriter,rrf,True,,refex,50,0.041046995835812,0.5064935064935064,0.0,69,1681,0.0,20.8,,,,,,,
bm25_rrf,combined,fts,rewriter,rrf,True,,refex,100,0.0606781677572873,0.5974025974025974,0.0,102,1681,0.0,20.8,,,,,,,
bm25_rrf,combined,fts,rewriter,rrf,True,,gold,5,0.0090433127082341,0.2716049382716049,0.0141451414514145,38,4202,0.0,20.8,,,,,,,
bm25_rrf,combined,fts,rewriter,rrf,True,,gold,10,0.0149928605425987,0.4320987654320987,0.0215252152521525,63,4202,0.0,20.8,,,,,,,
bm25_rrf,combined,fts,rewriter,rrf,True,,gold,20,0.0240361732508329,0.5925925925925926,0.030750307503075,101,4202,0.0,20.8,,,,,,,
bm25_rrf,combined,fts,rewriter,rrf,True,,gold,50,0.03998096144693,0.7283950617283951,0.041820418204182,168,4202,0.0,20.8,,,,,,,
bm25_rrf,combined,fts,rewriter,rrf,True,,gold,100,0.0590195145168967,0.8148148148148148,0.059040590405904,248,4202,0.0,20.8,,,,,,,
corpus_federal_rrf,federal,hybrid,rewriter,rrf,True,,refex,5,0.030339083878643664,0.4935064935064935,0.0,51,1681,0.0,67.3,,,,,,,
corpus_federal_rrf,federal,hybrid,rewriter,rrf,True,,refex,10,0.04164187983343248,0.5844155844155844,0.0,70,1681,0.0,67.3,,,,,,,
corpus_federal_rrf,federal,hybrid,rewriter,rrf,True,,refex,20,0.055324211778703156,0.6493506493506493,0.0,93,1681,0.0,67.3,,,,,,,
corpus_federal_rrf,federal,hybrid,rewriter,rrf,True,,refex,50,0.07911957168352171,0.7272727272727273,0.0,133,1681,0.0,67.3,,,,,,,
corpus_federal_rrf,federal,hybrid,rewriter,rrf,True,,refex,100,0.10529446757882213,0.7922077922077922,0.0,177,1681,0.0,67.3,,,,,,,
corpus_federal_rrf,federal,hybrid,rewriter,rrf,True,,gold,5,0.016420752022846263,0.5555555555555556,0.0,69,4202,0.0,67.3,,,,,,,
corpus_federal_rrf,federal,hybrid,rewriter,rrf,True,,gold,10,0.02284626368396002,0.654320987654321,0.0,96,4202,0.0,67.3,,,,,,,
corpus_federal_rrf,federal,hybrid,rewriter,rrf,True,,gold,20,0.03284150404569253,0.7407407407407407,0.0,138,4202,0.0,67.3,,,,,,,
corpus_federal_rrf,federal,hybrid,rewriter,rrf,True,,gold,50,0.05069014754878629,0.8641975308641975,0.0,213,4202,0.0,67.3,,,,,,,
corpus_federal_rrf,federal,hybrid,rewriter,rrf,True,,gold,100,0.06711089957163256,0.9135802469135802,0.0,282,4202,0.0,67.3,,,,,,,
