config,corpus,mode,query,merge,drop_structural,rerank,fusion_w,cite_filter,state_share,two_hop,gold_set,k,recall,cases_with_hit,state_recall,hits,gold,structural,seconds,ls_depth,ls_kinds
ls_only,combined,hybrid,rewriter,roundrobin,True,,,,,only,refex,5,0.0428316478286734,0.5324675324675324,0.0,72,1681,0.0,40.8,,
ls_only,combined,hybrid,rewriter,roundrobin,True,,,,,only,refex,10,0.0672218917311124,0.6753246753246753,0.0,113,1681,0.0,40.8,,
ls_only,combined,hybrid,rewriter,roundrobin,True,,,,,only,refex,20,0.1076740035693039,0.7792207792207793,0.0,181,1681,0.0,40.8,,
ls_only,combined,hybrid,rewriter,roundrobin,True,,,,,only,refex,50,0.1826293872694824,0.8311688311688312,0.0,307,1681,0.0,40.8,,
ls_only,combined,hybrid,rewriter,roundrobin,True,,,,,only,refex,100,0.2070196311719215,0.8571428571428571,0.0,348,1681,0.0,40.8,,
ls_only,combined,hybrid,rewriter,roundrobin,True,,,,,only,gold,5,0.0345073774393146,0.7901234567901234,0.020910209102091,145,4202,0.0,40.8,,
ls_only,combined,hybrid,rewriter,roundrobin,True,,,,,only,gold,10,0.0580675868633983,0.9012345679012346,0.041820418204182,244,4202,0.0,40.8,,
ls_only,combined,hybrid,rewriter,roundrobin,True,,,,,only,gold,20,0.0956687291765825,0.9876543209876544,0.0719557195571955,402,4202,0.0,40.8,,
ls_only,combined,hybrid,rewriter,roundrobin,True,,,,,only,gold,50,0.1770585435506901,1.0,0.1340713407134071,744,4202,0.0,40.8,,
ls_only,combined,hybrid,rewriter,roundrobin,True,,,,,only,gold,100,0.2063303188957639,1.0,0.1623616236162361,867,4202,0.0,40.8,,
ls_q_leitsatz,combined,hybrid,rw_leitsatz,roundrobin,True,,,,,only,refex,5,0.0285544318857822,0.4415584415584415,0.0,48,1681,0.0,31.5,,
ls_q_leitsatz,combined,hybrid,rw_leitsatz,roundrobin,True,,,,,only,refex,10,0.048780487804878,0.5324675324675324,0.0,82,1681,0.0,31.5,,
ls_q_leitsatz,combined,hybrid,rw_leitsatz,roundrobin,True,,,,,only,refex,20,0.0844735276621058,0.7142857142857143,0.0,142,1681,0.0,31.5,,
ls_q_leitsatz,combined,hybrid,rw_leitsatz,roundrobin,True,,,,,only,refex,50,0.1677572873289708,0.8181818181818182,0.0,282,1681,0.0,31.5,,
ls_q_leitsatz,combined,hybrid,rw_leitsatz,roundrobin,True,,,,,only,refex,100,0.189767995240928,0.8441558441558441,0.0,319,1681,0.0,31.5,,
ls_q_leitsatz,combined,hybrid,rw_leitsatz,roundrobin,True,,,,,only,gold,5,0.0223702998572108,0.6419753086419753,0.01230012300123,94,4202,0.0,31.5,,
ls_q_leitsatz,combined,hybrid,rw_leitsatz,roundrobin,True,,,,,only,gold,10,0.0421227986673012,0.7901234567901234,0.023370233702337,177,4202,0.0,31.5,,
ls_q_leitsatz,combined,hybrid,rw_leitsatz,roundrobin,True,,,,,only,gold,20,0.0728224654926225,0.925925925925926,0.043050430504305,306,4202,0.0,31.5,,
ls_q_leitsatz,combined,hybrid,rw_leitsatz,roundrobin,True,,,,,only,gold,50,0.1501665873393622,1.0,0.0959409594095941,631,4202,0.0,31.5,,
ls_q_leitsatz,combined,hybrid,rw_leitsatz,roundrobin,True,,,,,only,gold,100,0.1732508329366968,1.0,0.1131611316113161,728,4202,0.0,31.5,,
ls_q_statute,combined,hybrid,rw_statute,roundrobin,True,,,,,only,refex,5,0.0255800118976799,0.4155844155844156,0.0,43,1681,0.0,30.4,,
ls_q_statute,combined,hybrid,rw_statute,roundrobin,True,,,,,only,refex,10,0.0511600237953599,0.5974025974025974,0.0,86,1681,0.0,30.4,,
ls_q_statute,combined,hybrid,rw_statute,roundrobin,True,,,,,only,refex,20,0.0904223676383105,0.7012987012987013,0.0,152,1681,0.0,30.4,,
ls_q_statute,combined,hybrid,rw_statute,roundrobin,True,,,,,only,refex,50,0.1600237953599048,0.8571428571428571,0.0,269,1681,0.0,30.4,,
ls_q_statute,combined,hybrid,rw_statute,roundrobin,True,,,,,only,refex,100,0.1719214753123141,0.8571428571428571,0.0,289,1681,0.0,30.4,,
ls_q_statute,combined,hybrid,rw_statute,roundrobin,True,,,,,only,gold,5,0.0180866254164683,0.5555555555555556,0.004920049200492,76,4202,0.0,30.4,,
ls_q_statute,combined,hybrid,rw_statute,roundrobin,True,,,,,only,gold,10,0.0349833412660637,0.7777777777777778,0.011070110701107,147,4202,0.0,30.4,,
ls_q_statute,combined,hybrid,rw_statute,roundrobin,True,,,,,only,gold,20,0.0716325559257496,0.9382716049382716,0.035670356703567,301,4202,0.0,30.4,,
ls_q_statute,combined,hybrid,rw_statute,roundrobin,True,,,,,only,gold,50,0.1425511661113755,0.9876543209876544,0.0971709717097171,599,4202,0.0,30.4,,
ls_q_statute,combined,hybrid,rw_statute,roundrobin,True,,,,,only,gold,100,0.1556401713469776,0.9876543209876544,0.1063960639606396,654,4202,0.0,30.4,,
ls_q_rubric_CEILING,combined,hybrid,rubric,roundrobin,True,,,,,only,refex,5,0.0273646638905413,0.4155844155844156,0.0,46,1681,0.0,51.5,,
ls_q_rubric_CEILING,combined,hybrid,rubric,roundrobin,True,,,,,only,refex,10,0.0517549077929803,0.6363636363636364,0.0,87,1681,0.0,51.5,,
ls_q_rubric_CEILING,combined,hybrid,rubric,roundrobin,True,,,,,only,refex,20,0.0755502676977989,0.7792207792207793,0.0,127,1681,0.0,51.5,,
ls_q_rubric_CEILING,combined,hybrid,rubric,roundrobin,True,,,,,only,refex,50,0.1380130874479476,0.8311688311688312,0.0,232,1681,0.0,51.5,,
ls_q_rubric_CEILING,combined,hybrid,rubric,roundrobin,True,,,,,only,refex,100,0.1624033313503866,0.8571428571428571,0.0,273,1681,0.0,51.5,,
ls_q_rubric_CEILING,combined,hybrid,rubric,roundrobin,True,,,,,only,gold,5,0.0188005711565921,0.5802469135802469,0.0,79,4202,0.0,51.5,,
ls_q_rubric_CEILING,combined,hybrid,rubric,roundrobin,True,,,,,only,gold,10,0.0335554497858162,0.8395061728395061,0.003690036900369,141,4202,0.0,51.5,,
ls_q_rubric_CEILING,combined,hybrid,rubric,roundrobin,True,,,,,only,gold,20,0.0516420752022846,0.9753086419753086,0.0079950799507995,217,4202,0.0,51.5,,
ls_q_rubric_CEILING,combined,hybrid,rubric,roundrobin,True,,,,,only,gold,50,0.0992384578772013,1.0,0.0313653136531365,417,4202,0.0,51.5,,
ls_q_rubric_CEILING,combined,hybrid,rubric,roundrobin,True,,,,,only,gold,100,0.1166111375535459,1.0,0.044280442804428,490,4202,0.0,51.5,,
ls_q_facts,combined,hybrid,facts,roundrobin,True,,,,,only,refex,5,0.0267697798929208,0.4415584415584415,0.0,45,1681,0.0,25.0,,
ls_q_facts,combined,hybrid,facts,roundrobin,True,,,,,only,refex,10,0.039857227840571,0.5064935064935064,0.0,67,1681,0.0,25.0,,
ls_q_facts,combined,hybrid,facts,roundrobin,True,,,,,only,refex,20,0.0582986317668054,0.6103896103896104,0.0,98,1681,0.0,25.0,,
ls_q_facts,combined,hybrid,facts,roundrobin,True,,,,,only,refex,50,0.1171921475312314,0.7922077922077922,0.0,197,1681,0.0,25.0,,
ls_q_facts,combined,hybrid,facts,roundrobin,True,,,,,only,refex,100,0.1344437834622248,0.8051948051948052,0.0,226,1681,0.0,25.0,,
ls_q_facts,combined,hybrid,facts,roundrobin,True,,,,,only,gold,5,0.0211803902903379,0.5555555555555556,0.011070110701107,89,4202,0.0,25.0,,
ls_q_facts,combined,hybrid,facts,roundrobin,True,,,,,only,gold,10,0.0328415040456925,0.6666666666666666,0.0202952029520295,138,4202,0.0,25.0,,
ls_q_facts,combined,hybrid,facts,roundrobin,True,,,,,only,gold,20,0.0511661113755354,0.7901234567901234,0.031980319803198,215,4202,0.0,25.0,,
ls_q_facts,combined,hybrid,facts,roundrobin,True,,,,,only,gold,50,0.1078058067586863,0.9629629629629628,0.0707257072570725,453,4202,0.0,25.0,,
ls_q_facts,combined,hybrid,facts,roundrobin,True,,,,,only,gold,100,0.1201808662541646,0.9876543209876544,0.0756457564575645,505,4202,0.0,25.0,,
ls_then_search,combined,hybrid,rewriter,rrf,True,,,,,first,refex,5,0.0428316478286734,0.5324675324675324,0.0,72,1681,0.0,83.5,,
ls_then_search,combined,hybrid,rewriter,rrf,True,,,,,first,refex,10,0.0672218917311124,0.6753246753246753,0.0,113,1681,0.0,83.5,,
ls_then_search,combined,hybrid,rewriter,rrf,True,,,,,first,refex,20,0.1076740035693039,0.7792207792207793,0.0,181,1681,0.0,83.5,,
ls_then_search,combined,hybrid,rewriter,rrf,True,,,,,first,refex,50,0.1844140392623438,0.8311688311688312,0.0,310,1681,0.0,83.5,,
ls_then_search,combined,hybrid,rewriter,rrf,True,,,,,first,refex,100,0.2278405710886377,0.9090909090909092,0.0,383,1681,0.0,83.5,,
ls_then_search,combined,hybrid,rewriter,rrf,True,,,,,first,gold,5,0.0345073774393146,0.7901234567901234,0.020910209102091,145,4202,0.0,83.5,,
ls_then_search,combined,hybrid,rewriter,rrf,True,,,,,first,gold,10,0.0580675868633983,0.9012345679012346,0.041820418204182,244,4202,0.0,83.5,,
ls_then_search,combined,hybrid,rewriter,rrf,True,,,,,first,gold,20,0.0956687291765825,0.9876543209876544,0.0719557195571955,402,4202,0.0,83.5,,
ls_then_search,combined,hybrid,rewriter,rrf,True,,,,,first,gold,50,0.1801523084245597,1.0,0.1402214022140221,757,4202,0.0,83.5,,
ls_then_search,combined,hybrid,rewriter,rrf,True,,,,,first,gold,100,0.2413136601618277,1.0,0.2170971709717097,1014,4202,0.0,83.5,,
ls_deep50,combined,hybrid,rewriter,rrf,True,,,,,first,refex,5,0.0404521118381915,0.4935064935064935,0.0,68,1681,0.0,87.0,50.0,
ls_deep50,combined,hybrid,rewriter,rrf,True,,,,,first,refex,10,0.0648423557406305,0.6233766233766234,0.0,109,1681,0.0,87.0,50.0,
ls_deep50,combined,hybrid,rewriter,rrf,True,,,,,first,refex,20,0.1029149315883402,0.7272727272727273,0.0,173,1681,0.0,87.0,50.0,
ls_deep50,combined,hybrid,rewriter,rrf,True,,,,,first,refex,50,0.1903628792385484,0.8571428571428571,0.0,320,1681,0.0,87.0,50.0,
ls_deep50,combined,hybrid,rewriter,rrf,True,,,,,first,refex,100,0.2671029149315883,0.8701298701298701,0.0,449,1681,0.0,87.0,50.0,
ls_deep50,combined,hybrid,rewriter,rrf,True,,,,,first,gold,5,0.0345073774393146,0.8395061728395061,0.0227552275522755,145,4202,0.0,87.0,50.0,
ls_deep50,combined,hybrid,rewriter,rrf,True,,,,,first,gold,10,0.0554497858162779,0.925925925925926,0.040590405904059,233,4202,0.0,87.0,50.0,
ls_deep50,combined,hybrid,rewriter,rrf,True,,,,,first,gold,20,0.0930509281294621,1.0,0.067650676506765,391,4202,0.0,87.0,50.0,
ls_deep50,combined,hybrid,rewriter,rrf,True,,,,,first,gold,50,0.1846739647786768,1.0,0.1482164821648216,776,4202,0.0,87.0,50.0,
ls_deep50,combined,hybrid,rewriter,rrf,True,,,,,first,gold,100,0.2751070918610185,1.0,0.2343173431734317,1156,4202,0.0,87.0,50.0,
ls_shallow10,combined,hybrid,rewriter,rrf,True,,,,,first,refex,5,0.0475907198096371,0.5714285714285714,0.0,80,1681,0.0,81.8,10.0,
ls_shallow10,combined,hybrid,rewriter,rrf,True,,,,,first,refex,10,0.0725758477096966,0.7142857142857143,0.0,122,1681,0.0,81.8,10.0,
ls_shallow10,combined,hybrid,rewriter,rrf,True,,,,,first,refex,20,0.1082688875669244,0.7922077922077922,0.0,182,1681,0.0,81.8,10.0,
ls_shallow10,combined,hybrid,rewriter,rrf,True,,,,,first,refex,50,0.165377751338489,0.8311688311688312,0.0,278,1681,0.0,81.8,10.0,
ls_shallow10,combined,hybrid,rewriter,rrf,True,,,,,first,refex,100,0.1945270672218917,0.8831168831168831,0.0,327,1681,0.0,81.8,10.0,
ls_shallow10,combined,hybrid,rewriter,rrf,True,,,,,first,gold,5,0.0359352689195621,0.7777777777777778,0.020910209102091,151,4202,0.0,81.8,10.0,
ls_shallow10,combined,hybrid,rewriter,rrf,True,,,,,first,gold,10,0.059971442170395,0.9012345679012346,0.0436654366543665,252,4202,0.0,81.8,10.0,
ls_shallow10,combined,hybrid,rewriter,rrf,True,,,,,first,gold,20,0.0961446930033317,0.9753086419753086,0.067650676506765,404,4202,0.0,81.8,10.0,
ls_shallow10,combined,hybrid,rewriter,rrf,True,,,,,first,gold,50,0.1673012851023322,1.0,0.1408364083640836,703,4202,0.0,81.8,10.0,
ls_shallow10,combined,hybrid,rewriter,rrf,True,,,,,first,gold,100,0.206806282722513,1.0,0.1980319803198032,869,4202,0.0,81.8,10.0,
ls_amtlich,combined,hybrid,rewriter,rrf,True,,,,,first,refex,5,0.0291493158834027,0.4155844155844156,0.0,49,1681,0.0,99.9,,"('amtlich',)"
ls_amtlich,combined,hybrid,rewriter,rrf,True,,,,,first,refex,10,0.039857227840571,0.4805194805194805,0.0,67,1681,0.0,99.9,,"('amtlich',)"
ls_amtlich,combined,hybrid,rewriter,rrf,True,,,,,first,refex,20,0.065437239738251,0.6883116883116883,0.0,110,1681,0.0,99.9,,"('amtlich',)"
ls_amtlich,combined,hybrid,rewriter,rrf,True,,,,,first,refex,50,0.1070791195716835,0.8311688311688312,0.0,180,1681,0.0,99.9,,"('amtlich',)"
ls_amtlich,combined,hybrid,rewriter,rrf,True,,,,,first,refex,100,0.1332540154669839,0.8701298701298701,0.0,224,1681,0.0,99.9,,"('amtlich',)"
ls_amtlich,combined,hybrid,rewriter,rrf,True,,,,,first,gold,5,0.0214183722037125,0.6049382716049383,0.0104551045510455,90,4202,0.0,99.9,,"('amtlich',)"
ls_amtlich,combined,hybrid,rewriter,rrf,True,,,,,first,gold,10,0.0385530699666825,0.6790123456790124,0.027060270602706,162,4202,0.0,99.9,,"('amtlich',)"
ls_amtlich,combined,hybrid,rewriter,rrf,True,,,,,first,gold,20,0.06282722513089,0.8888888888888888,0.047970479704797,264,4202,0.0,99.9,,"('amtlich',)"
ls_amtlich,combined,hybrid,rewriter,rrf,True,,,,,first,gold,50,0.1199428843407901,0.9876543209876544,0.1125461254612546,504,4202,0.0,99.9,,"('amtlich',)"
ls_amtlich,combined,hybrid,rewriter,rrf,True,,,,,first,gold,100,0.1544502617801047,0.9876543209876544,0.1611316113161131,649,4202,0.0,99.9,,"('amtlich',)"
cite_ls_search,combined,hybrid,rewriter,rrf,True,,,first,,first,refex,5,0.07019631171921475,0.6883116883116883,0.0,118,1681,0.0,83.8,,
cite_ls_search,combined,hybrid,rewriter,rrf,True,,,first,,first,refex,10,0.13146936347412255,0.8311688311688312,0.0,221,1681,0.0,83.8,,
cite_ls_search,combined,hybrid,rewriter,rrf,True,,,first,,first,refex,20,0.17965496728138014,0.9090909090909091,0.0,302,1681,0.0,83.8,,
cite_ls_search,combined,hybrid,rewriter,rrf,True,,,first,,first,refex,50,0.2498512790005949,0.9090909090909091,0.0,420,1681,0.0,83.8,,
cite_ls_search,combined,hybrid,rewriter,rrf,True,,,first,,first,refex,100,0.2879238548483046,0.935064935064935,0.0,484,1681,0.0,83.8,,
cite_ls_search,combined,hybrid,rewriter,rrf,True,,,first,,first,gold,5,0.05854355069014755,0.9506172839506173,0.023370233702337023,246,4202,0.0,83.8,,
cite_ls_search,combined,hybrid,rewriter,rrf,True,,,first,,first,gold,10,0.10209424083769633,0.9876543209876543,0.04120541205412054,429,4202,0.0,83.8,,
cite_ls_search,combined,hybrid,rewriter,rrf,True,,,first,,first,gold,20,0.14826273203236554,1.0,0.07995079950799508,623,4202,0.0,83.8,,
cite_ls_search,combined,hybrid,rewriter,rrf,True,,,first,,first,gold,50,0.2270347453593527,1.0,0.15006150061500614,954,4202,0.0,83.8,,
cite_ls_search,combined,hybrid,rewriter,rrf,True,,,first,,first,gold,100,0.286292241789624,1.0,0.23247232472324722,1203,4202,0.0,83.8,,
